[
{
    "fields": {
        "multimedia": 2,
        "role": 1,
        "organisation": 1,
        "person": 1
    },
    "pk": 2,
    "model": "crew.crew"
},
{
    "fields": {
        "multimedia": 3,
        "role": 1,
        "organisation": 1,
        "person": 2
    },
    "pk": 3,
    "model": "crew.crew"
},
{
    "fields": {
        "multimedia": 10,
        "role": 2,
        "organisation": 4,
        "person": 3
    },
    "pk": 4,
    "model": "crew.crew"
},
{
    "fields": {
        "multimedia": 10,
        "role": 3,
        "organisation": 4,
        "person": 4
    },
    "pk": 5,
    "model": "crew.crew"
},
{
    "fields": {
        "multimedia": 11,
        "role": 2,
        "organisation": 3,
        "person": 5
    },
    "pk": 6,
    "model": "crew.crew"
},
{
    "fields": {
        "multimedia": 11,
        "role": 2,
        "organisation": 3,
        "person": 6
    },
    "pk": 7,
    "model": "crew.crew"
},
{
    "fields": {
        "multimedia": 11,
        "role": 3,
        "organisation": 3,
        "person": 7
    },
    "pk": 8,
    "model": "crew.crew"
},
{
    "fields": {
        "multimedia": 11,
        "role": 3,
        "organisation": 3,
        "person": 8
    },
    "pk": 9,
    "model": "crew.crew"
},
{
    "fields": {
        "multimedia": 12,
        "role": 2,
        "organisation": 2,
        "person": 9
    },
    "pk": 10,
    "model": "crew.crew"
},
{
    "fields": {
        "multimedia": 12,
        "role": 3,
        "organisation": 2,
        "person": 10
    },
    "pk": 11,
    "model": "crew.crew"
},
{
    "fields": {
        "multimedia": 12,
        "role": 3,
        "organisation": 2,
        "person": 11
    },
    "pk": 12,
    "model": "crew.crew"
},
{
    "fields": {
        "multimedia": 10,
        "role": 3,
        "organisation": 2,
        "person": 12
    },
    "pk": 13,
    "model": "crew.crew"
},
{
    "fields": {
        "multimedia": 13,
        "role": 2,
        "organisation": 6,
        "person": 9
    },
    "pk": 14,
    "model": "crew.crew"
},
{
    "fields": {
        "multimedia": 13,
        "role": 3,
        "organisation": 6,
        "person": 13
    },
    "pk": 15,
    "model": "crew.crew"
},
{
    "fields": {
        "multimedia": 13,
        "role": 3,
        "organisation": 6,
        "person": 14
    },
    "pk": 16,
    "model": "crew.crew"
},
{
    "fields": {
        "multimedia": 14,
        "role": 4,
        "organisation": 7,
        "person": 15
    },
    "pk": 17,
    "model": "crew.crew"
},
{
    "fields": {
        "multimedia": 15,
        "role": 4,
        "organisation": 8,
        "person": 15
    },
    "pk": 18,
    "model": "crew.crew"
},
{
    "fields": {
        "multimedia": 16,
        "role": 4,
        "organisation": 9,
        "person": 15
    },
    "pk": 19,
    "model": "crew.crew"
},
{
    "fields": {
        "multimedia": 17,
        "role": 4,
        "organisation": 10,
        "person": 15
    },
    "pk": 20,
    "model": "crew.crew"
},
{
    "fields": {
        "multimedia": 18,
        "role": 4,
        "organisation": 10,
        "person": 15
    },
    "pk": 21,
    "model": "crew.crew"
},
{
    "fields": {
        "multimedia": 19,
        "role": 4,
        "organisation": 9,
        "person": 15
    },
    "pk": 22,
    "model": "crew.crew"
},
{
    "fields": {
        "multimedia": 20,
        "role": 4,
        "organisation": 11,
        "person": 15
    },
    "pk": 23,
    "model": "crew.crew"
},
{
    "fields": {
        "multimedia": 21,
        "role": 4,
        "organisation": 12,
        "person": 15
    },
    "pk": 24,
    "model": "crew.crew"
},
{
    "fields": {
        "multimedia": 22,
        "role": 4,
        "organisation": 13,
        "person": 15
    },
    "pk": 25,
    "model": "crew.crew"
},
{
    "fields": {
        "multimedia": 23,
        "role": 4,
        "organisation": 14,
        "person": 15
    },
    "pk": 26,
    "model": "crew.crew"
},
{
    "fields": {
        "name": "Singer"
    },
    "pk": 1,
    "model": "crew.role"
},
{
    "fields": {
        "name": "Director"
    },
    "pk": 2,
    "model": "crew.role"
},
{
    "fields": {
        "name": "Actor"
    },
    "pk": 3,
    "model": "crew.role"
},
{
    "fields": {
        "name": "Developer"
    },
    "pk": 4,
    "model": "crew.role"
},
{
    "fields": {
        "name": "Pharell Williams"
    },
    "pk": 1,
    "model": "crew.person"
},
{
    "fields": {
        "name": "Ed Sheeran"
    },
    "pk": 2,
    "model": "crew.person"
},
{
    "fields": {
        "name": "Alejandro Gonzalez Inarritu"
    },
    "pk": 3,
    "model": "crew.person"
},
{
    "fields": {
        "name": "Michael Keaton"
    },
    "pk": 4,
    "model": "crew.person"
},
{
    "fields": {
        "name": "Don Hall"
    },
    "pk": 5,
    "model": "crew.person"
},
{
    "fields": {
        "name": "Chris Williams"
    },
    "pk": 6,
    "model": "crew.person"
},
{
    "fields": {
        "name": "Scott Adsit"
    },
    "pk": 7,
    "model": "crew.person"
},
{
    "fields": {
        "name": "Ryan Potter"
    },
    "pk": 8,
    "model": "crew.person"
},
{
    "fields": {
        "name": "Christopher Nolan"
    },
    "pk": 9,
    "model": "crew.person"
},
{
    "fields": {
        "name": "Anne Hathaway"
    },
    "pk": 10,
    "model": "crew.person"
},
{
    "fields": {
        "name": "Matthew McConaughey"
    },
    "pk": 11,
    "model": "crew.person"
},
{
    "fields": {
        "name": "Emma Stone"
    },
    "pk": 12,
    "model": "crew.person"
},
{
    "fields": {
        "name": "Michael Caine"
    },
    "pk": 13,
    "model": "crew.person"
},
{
    "fields": {
        "name": "Leonardo DiCaprio"
    },
    "pk": 14,
    "model": "crew.person"
},
{
    "fields": {
        "name": "-"
    },
    "pk": 15,
    "model": "crew.person"
},
{
    "fields": {
        "name": "Music Industry"
    },
    "pk": 1,
    "model": "crew.organisation"
},
{
    "fields": {
        "name": "Paramount Pictures"
    },
    "pk": 2,
    "model": "crew.organisation"
},
{
    "fields": {
        "name": "Walt Disney Animation"
    },
    "pk": 3,
    "model": "crew.organisation"
},
{
    "fields": {
        "name": "Fox Searchlight Pictures"
    },
    "pk": 4,
    "model": "crew.organisation"
},
{
    "fields": {
        "name": "Warner Bros"
    },
    "pk": 6,
    "model": "crew.organisation"
},
{
    "fields": {
        "name": "Google Inc."
    },
    "pk": 7,
    "model": "crew.organisation"
},
{
    "fields": {
        "name": "3D4Medical.com, LLC "
    },
    "pk": 8,
    "model": "crew.organisation"
},
{
    "fields": {
        "name": "ELECTRONIC ARTS"
    },
    "pk": 9,
    "model": "crew.organisation"
},
{
    "fields": {
        "name": "Gameloft"
    },
    "pk": 10,
    "model": "crew.organisation"
},
{
    "fields": {
        "name": "Flightradar24 AB"
    },
    "pk": 11,
    "model": "crew.organisation"
},
{
    "fields": {
        "name": "TeslaCoil Software "
    },
    "pk": 12,
    "model": "crew.organisation"
},
{
    "fields": {
        "name": "CloudMosa Inc."
    },
    "pk": 13,
    "model": "crew.organisation"
},
{
    "fields": {
        "name": "MarineTraffic"
    },
    "pk": 14,
    "model": "crew.organisation"
}
]
