[
{
    "pk": 2,
    "model": "crew.crew",
    "fields": {
        "organisation": 1,
        "role": 1,
        "multimedia": 2,
        "person": 1
    }
},
{
    "pk": 3,
    "model": "crew.crew",
    "fields": {
        "organisation": 1,
        "role": 1,
        "multimedia": 3,
        "person": 2
    }
},
{
    "pk": 4,
    "model": "crew.crew",
    "fields": {
        "organisation": 4,
        "role": 2,
        "multimedia": 10,
        "person": 3
    }
},
{
    "pk": 5,
    "model": "crew.crew",
    "fields": {
        "organisation": 4,
        "role": 3,
        "multimedia": 10,
        "person": 4
    }
},
{
    "pk": 6,
    "model": "crew.crew",
    "fields": {
        "organisation": 3,
        "role": 2,
        "multimedia": 11,
        "person": 5
    }
},
{
    "pk": 7,
    "model": "crew.crew",
    "fields": {
        "organisation": 3,
        "role": 2,
        "multimedia": 11,
        "person": 6
    }
},
{
    "pk": 8,
    "model": "crew.crew",
    "fields": {
        "organisation": 3,
        "role": 3,
        "multimedia": 11,
        "person": 7
    }
},
{
    "pk": 9,
    "model": "crew.crew",
    "fields": {
        "organisation": 3,
        "role": 3,
        "multimedia": 11,
        "person": 8
    }
},
{
    "pk": 10,
    "model": "crew.crew",
    "fields": {
        "organisation": 2,
        "role": 2,
        "multimedia": 12,
        "person": 9
    }
},
{
    "pk": 11,
    "model": "crew.crew",
    "fields": {
        "organisation": 2,
        "role": 3,
        "multimedia": 12,
        "person": 10
    }
},
{
    "pk": 12,
    "model": "crew.crew",
    "fields": {
        "organisation": 2,
        "role": 3,
        "multimedia": 12,
        "person": 11
    }
},
{
    "pk": 13,
    "model": "crew.crew",
    "fields": {
        "organisation": 2,
        "role": 3,
        "multimedia": 10,
        "person": 12
    }
},
{
    "pk": 14,
    "model": "crew.crew",
    "fields": {
        "organisation": 6,
        "role": 2,
        "multimedia": 13,
        "person": 9
    }
},
{
    "pk": 15,
    "model": "crew.crew",
    "fields": {
        "organisation": 6,
        "role": 3,
        "multimedia": 13,
        "person": 13
    }
},
{
    "pk": 16,
    "model": "crew.crew",
    "fields": {
        "organisation": 6,
        "role": 3,
        "multimedia": 13,
        "person": 14
    }
},
{
    "pk": 17,
    "model": "crew.crew",
    "fields": {
        "organisation": 7,
        "role": 4,
        "multimedia": 14,
        "person": 15
    }
},
{
    "pk": 18,
    "model": "crew.crew",
    "fields": {
        "organisation": 8,
        "role": 4,
        "multimedia": 15,
        "person": 15
    }
},
{
    "pk": 19,
    "model": "crew.crew",
    "fields": {
        "organisation": 9,
        "role": 4,
        "multimedia": 16,
        "person": 15
    }
},
{
    "pk": 20,
    "model": "crew.crew",
    "fields": {
        "organisation": 10,
        "role": 4,
        "multimedia": 17,
        "person": 15
    }
},
{
    "pk": 21,
    "model": "crew.crew",
    "fields": {
        "organisation": 10,
        "role": 4,
        "multimedia": 18,
        "person": 15
    }
},
{
    "pk": 22,
    "model": "crew.crew",
    "fields": {
        "organisation": 9,
        "role": 4,
        "multimedia": 19,
        "person": 15
    }
},
{
    "pk": 23,
    "model": "crew.crew",
    "fields": {
        "organisation": 11,
        "role": 4,
        "multimedia": 20,
        "person": 15
    }
},
{
    "pk": 24,
    "model": "crew.crew",
    "fields": {
        "organisation": 12,
        "role": 4,
        "multimedia": 21,
        "person": 15
    }
},
{
    "pk": 25,
    "model": "crew.crew",
    "fields": {
        "organisation": 13,
        "role": 4,
        "multimedia": 22,
        "person": 15
    }
},
{
    "pk": 26,
    "model": "crew.crew",
    "fields": {
        "organisation": 14,
        "role": 4,
        "multimedia": 23,
        "person": 15
    }
},
{
    "pk": 1,
    "model": "crew.role",
    "fields": {
        "name": "Singer"
    }
},
{
    "pk": 2,
    "model": "crew.role",
    "fields": {
        "name": "Director"
    }
},
{
    "pk": 3,
    "model": "crew.role",
    "fields": {
        "name": "Actor"
    }
},
{
    "pk": 4,
    "model": "crew.role",
    "fields": {
        "name": "Developer"
    }
},
{
    "pk": 1,
    "model": "crew.person",
    "fields": {
        "name": "Pharell Williams"
    }
},
{
    "pk": 2,
    "model": "crew.person",
    "fields": {
        "name": "Ed Sheeran"
    }
},
{
    "pk": 3,
    "model": "crew.person",
    "fields": {
        "name": "Alejandro Gonzalez Inarritu"
    }
},
{
    "pk": 4,
    "model": "crew.person",
    "fields": {
        "name": "Michael Keaton"
    }
},
{
    "pk": 5,
    "model": "crew.person",
    "fields": {
        "name": "Don Hall"
    }
},
{
    "pk": 6,
    "model": "crew.person",
    "fields": {
        "name": "Chris Williams"
    }
},
{
    "pk": 7,
    "model": "crew.person",
    "fields": {
        "name": "Scott Adsit"
    }
},
{
    "pk": 8,
    "model": "crew.person",
    "fields": {
        "name": "Ryan Potter"
    }
},
{
    "pk": 9,
    "model": "crew.person",
    "fields": {
        "name": "Christopher Nolan"
    }
},
{
    "pk": 10,
    "model": "crew.person",
    "fields": {
        "name": "Anne Hathaway"
    }
},
{
    "pk": 11,
    "model": "crew.person",
    "fields": {
        "name": "Matthew McConaughey"
    }
},
{
    "pk": 12,
    "model": "crew.person",
    "fields": {
        "name": "Emma Stone"
    }
},
{
    "pk": 13,
    "model": "crew.person",
    "fields": {
        "name": "Michael Caine"
    }
},
{
    "pk": 14,
    "model": "crew.person",
    "fields": {
        "name": "Leonardo DiCaprio"
    }
},
{
    "pk": 15,
    "model": "crew.person",
    "fields": {
        "name": "-"
    }
},
{
    "pk": 1,
    "model": "crew.organisation",
    "fields": {
        "name": "Music Industry"
    }
},
{
    "pk": 2,
    "model": "crew.organisation",
    "fields": {
        "name": "Paramount Pictures"
    }
},
{
    "pk": 3,
    "model": "crew.organisation",
    "fields": {
        "name": "Walt Disney Animation"
    }
},
{
    "pk": 4,
    "model": "crew.organisation",
    "fields": {
        "name": "Fox Searchlight Pictures"
    }
},
{
    "pk": 6,
    "model": "crew.organisation",
    "fields": {
        "name": "Warner Bros"
    }
},
{
    "pk": 7,
    "model": "crew.organisation",
    "fields": {
        "name": "Google Inc."
    }
},
{
    "pk": 8,
    "model": "crew.organisation",
    "fields": {
        "name": "3D4Medical.com, LLC "
    }
},
{
    "pk": 9,
    "model": "crew.organisation",
    "fields": {
        "name": "ELECTRONIC ARTS"
    }
},
{
    "pk": 10,
    "model": "crew.organisation",
    "fields": {
        "name": "Gameloft"
    }
},
{
    "pk": 11,
    "model": "crew.organisation",
    "fields": {
        "name": "Flightradar24 AB"
    }
},
{
    "pk": 12,
    "model": "crew.organisation",
    "fields": {
        "name": "TeslaCoil Software "
    }
},
{
    "pk": 13,
    "model": "crew.organisation",
    "fields": {
        "name": "CloudMosa Inc."
    }
},
{
    "pk": 14,
    "model": "crew.organisation",
    "fields": {
        "name": "MarineTraffic"
    }
}
]
