[
{
    "model": "crew.crew",
    "fields": {
        "role": 1,
        "organisation": 1,
        "person": 1,
        "multimedia": 2
    },
    "pk": 2
},
{
    "model": "crew.crew",
    "fields": {
        "role": 1,
        "organisation": 1,
        "person": 2,
        "multimedia": 3
    },
    "pk": 3
},
{
    "model": "crew.crew",
    "fields": {
        "role": 2,
        "organisation": 4,
        "person": 3,
        "multimedia": 10
    },
    "pk": 4
},
{
    "model": "crew.crew",
    "fields": {
        "role": 3,
        "organisation": 4,
        "person": 4,
        "multimedia": 10
    },
    "pk": 5
},
{
    "model": "crew.crew",
    "fields": {
        "role": 2,
        "organisation": 3,
        "person": 5,
        "multimedia": 11
    },
    "pk": 6
},
{
    "model": "crew.crew",
    "fields": {
        "role": 2,
        "organisation": 3,
        "person": 6,
        "multimedia": 11
    },
    "pk": 7
},
{
    "model": "crew.crew",
    "fields": {
        "role": 3,
        "organisation": 3,
        "person": 7,
        "multimedia": 11
    },
    "pk": 8
},
{
    "model": "crew.crew",
    "fields": {
        "role": 3,
        "organisation": 3,
        "person": 8,
        "multimedia": 11
    },
    "pk": 9
},
{
    "model": "crew.crew",
    "fields": {
        "role": 2,
        "organisation": 2,
        "person": 9,
        "multimedia": 12
    },
    "pk": 10
},
{
    "model": "crew.crew",
    "fields": {
        "role": 3,
        "organisation": 2,
        "person": 10,
        "multimedia": 12
    },
    "pk": 11
},
{
    "model": "crew.crew",
    "fields": {
        "role": 3,
        "organisation": 2,
        "person": 11,
        "multimedia": 12
    },
    "pk": 12
},
{
    "model": "crew.crew",
    "fields": {
        "role": 3,
        "organisation": 2,
        "person": 12,
        "multimedia": 10
    },
    "pk": 13
},
{
    "model": "crew.crew",
    "fields": {
        "role": 2,
        "organisation": 6,
        "person": 9,
        "multimedia": 13
    },
    "pk": 14
},
{
    "model": "crew.crew",
    "fields": {
        "role": 3,
        "organisation": 6,
        "person": 13,
        "multimedia": 13
    },
    "pk": 15
},
{
    "model": "crew.crew",
    "fields": {
        "role": 3,
        "organisation": 6,
        "person": 14,
        "multimedia": 13
    },
    "pk": 16
},
{
    "model": "crew.crew",
    "fields": {
        "role": 2,
        "organisation": 6,
        "person": 9,
        "multimedia": 14
    },
    "pk": 17
},
{
    "model": "crew.crew",
    "fields": {
        "role": 3,
        "organisation": 6,
        "person": 10,
        "multimedia": 14
    },
    "pk": 18
},
{
    "model": "crew.crew",
    "fields": {
        "role": 3,
        "organisation": 6,
        "person": 15,
        "multimedia": 14
    },
    "pk": 19
},
{
    "model": "crew.crew",
    "fields": {
        "role": 3,
        "organisation": 6,
        "person": 13,
        "multimedia": 14
    },
    "pk": 20
},
{
    "model": "crew.crew",
    "fields": {
        "role": 3,
        "organisation": 6,
        "person": 16,
        "multimedia": 14
    },
    "pk": 21
},
{
    "model": "crew.crew",
    "fields": {
        "role": 2,
        "organisation": 7,
        "person": 17,
        "multimedia": 15
    },
    "pk": 22
},
{
    "model": "crew.crew",
    "fields": {
        "role": 3,
        "organisation": 7,
        "person": 13,
        "multimedia": 15
    },
    "pk": 23
},
{
    "model": "crew.crew",
    "fields": {
        "role": 3,
        "organisation": 7,
        "person": 16,
        "multimedia": 15
    },
    "pk": 24
},
{
    "model": "crew.crew",
    "fields": {
        "role": 3,
        "organisation": 7,
        "person": 18,
        "multimedia": 15
    },
    "pk": 25
},
{
    "model": "crew.crew",
    "fields": {
        "role": 3,
        "organisation": 7,
        "person": 19,
        "multimedia": 15
    },
    "pk": 26
},
{
    "model": "crew.crew",
    "fields": {
        "role": 3,
        "organisation": 7,
        "person": 20,
        "multimedia": 15
    },
    "pk": 27
},
{
    "model": "crew.role",
    "fields": {
        "name": "Singer"
    },
    "pk": 1
},
{
    "model": "crew.role",
    "fields": {
        "name": "Director"
    },
    "pk": 2
},
{
    "model": "crew.role",
    "fields": {
        "name": "Actor"
    },
    "pk": 3
},
{
    "model": "crew.person",
    "fields": {
        "name": "Pharell Williams"
    },
    "pk": 1
},
{
    "model": "crew.person",
    "fields": {
        "name": "Ed Sheeran"
    },
    "pk": 2
},
{
    "model": "crew.person",
    "fields": {
        "name": "Alejandro Gonzalez Inarritu"
    },
    "pk": 3
},
{
    "model": "crew.person",
    "fields": {
        "name": "Michael Keaton"
    },
    "pk": 4
},
{
    "model": "crew.person",
    "fields": {
        "name": "Don Hall"
    },
    "pk": 5
},
{
    "model": "crew.person",
    "fields": {
        "name": "Chris Williams"
    },
    "pk": 6
},
{
    "model": "crew.person",
    "fields": {
        "name": "Scott Adsit"
    },
    "pk": 7
},
{
    "model": "crew.person",
    "fields": {
        "name": "Ryan Potter"
    },
    "pk": 8
},
{
    "model": "crew.person",
    "fields": {
        "name": "Christopher Nolan"
    },
    "pk": 9
},
{
    "model": "crew.person",
    "fields": {
        "name": "Anne Hathaway"
    },
    "pk": 10
},
{
    "model": "crew.person",
    "fields": {
        "name": "Matthew McConaughey"
    },
    "pk": 11
},
{
    "model": "crew.person",
    "fields": {
        "name": "Emma Stone"
    },
    "pk": 12
},
{
    "model": "crew.person",
    "fields": {
        "name": "Michael Caine"
    },
    "pk": 13
},
{
    "model": "crew.person",
    "fields": {
        "name": "Leonardo DiCaprio"
    },
    "pk": 14
},
{
    "model": "crew.person",
    "fields": {
        "name": "Christian Bale"
    },
    "pk": 15
},
{
    "model": "crew.person",
    "fields": {
        "name": "Morgan Freeman"
    },
    "pk": 16
},
{
    "model": "crew.person",
    "fields": {
        "name": "Louis Leterrier"
    },
    "pk": 17
},
{
    "model": "crew.person",
    "fields": {
        "name": "Jesse Eisenberg"
    },
    "pk": 18
},
{
    "model": "crew.person",
    "fields": {
        "name": "Woody Harrelson"
    },
    "pk": 19
},
{
    "model": "crew.person",
    "fields": {
        "name": "Mark Ruffalo"
    },
    "pk": 20
},
{
    "model": "crew.organisation",
    "fields": {
        "name": "Music Industry"
    },
    "pk": 1
},
{
    "model": "crew.organisation",
    "fields": {
        "name": "Paramount Pictures"
    },
    "pk": 2
},
{
    "model": "crew.organisation",
    "fields": {
        "name": "Walt Disney Animation"
    },
    "pk": 3
},
{
    "model": "crew.organisation",
    "fields": {
        "name": "Fox Searchlight Pictures"
    },
    "pk": 4
},
{
    "model": "crew.organisation",
    "fields": {
        "name": "Warner Bros"
    },
    "pk": 6
},
{
    "model": "crew.organisation",
    "fields": {
        "name": "Summit Entertainment"
    },
    "pk": 7
}
]
