[
{
    "fields": {
        "person": 1,
        "multimedia": 2,
        "role": 1
    },
    "pk": 2,
    "model": "crew.crew"
},
{
    "fields": {
        "person": 2,
        "multimedia": 3,
        "role": 1
    },
    "pk": 3,
    "model": "crew.crew"
},
{
    "fields": {
        "person": 3,
        "multimedia": 10,
        "role": 2
    },
    "pk": 4,
    "model": "crew.crew"
},
{
    "fields": {
        "person": 4,
        "multimedia": 10,
        "role": 3
    },
    "pk": 5,
    "model": "crew.crew"
},
{
    "fields": {
        "person": 5,
        "multimedia": 11,
        "role": 2
    },
    "pk": 6,
    "model": "crew.crew"
},
{
    "fields": {
        "person": 6,
        "multimedia": 11,
        "role": 2
    },
    "pk": 7,
    "model": "crew.crew"
},
{
    "fields": {
        "person": 7,
        "multimedia": 11,
        "role": 3
    },
    "pk": 8,
    "model": "crew.crew"
},
{
    "fields": {
        "person": 8,
        "multimedia": 11,
        "role": 3
    },
    "pk": 9,
    "model": "crew.crew"
},
{
    "fields": {
        "person": 9,
        "multimedia": 12,
        "role": 2
    },
    "pk": 10,
    "model": "crew.crew"
},
{
    "fields": {
        "person": 10,
        "multimedia": 12,
        "role": 3
    },
    "pk": 11,
    "model": "crew.crew"
},
{
    "fields": {
        "person": 11,
        "multimedia": 12,
        "role": 3
    },
    "pk": 12,
    "model": "crew.crew"
},
{
    "fields": {
        "person": 12,
        "multimedia": 10,
        "role": 3
    },
    "pk": 13,
    "model": "crew.crew"
},
{
    "fields": {
        "person": 9,
        "multimedia": 13,
        "role": 2
    },
    "pk": 14,
    "model": "crew.crew"
},
{
    "fields": {
        "person": 13,
        "multimedia": 13,
        "role": 3
    },
    "pk": 15,
    "model": "crew.crew"
},
{
    "fields": {
        "person": 14,
        "multimedia": 13,
        "role": 3
    },
    "pk": 16,
    "model": "crew.crew"
},
{
    "fields": {
        "person": 16,
        "multimedia": 9,
        "role": 5
    },
    "pk": 27,
    "model": "crew.crew"
},
{
    "fields": {
        "person": 17,
        "multimedia": 8,
        "role": 5
    },
    "pk": 28,
    "model": "crew.crew"
},
{
    "fields": {
        "person": 18,
        "multimedia": 7,
        "role": 5
    },
    "pk": 30,
    "model": "crew.crew"
},
{
    "fields": {
        "person": 19,
        "multimedia": 6,
        "role": 5
    },
    "pk": 31,
    "model": "crew.crew"
},
{
    "fields": {
        "person": 20,
        "multimedia": 6,
        "role": 5
    },
    "pk": 32,
    "model": "crew.crew"
},
{
    "fields": {
        "person": 21,
        "multimedia": 6,
        "role": 5
    },
    "pk": 33,
    "model": "crew.crew"
},
{
    "fields": {
        "person": 22,
        "multimedia": 6,
        "role": 5
    },
    "pk": 34,
    "model": "crew.crew"
},
{
    "fields": {
        "person": 23,
        "multimedia": 4,
        "role": 5
    },
    "pk": 35,
    "model": "crew.crew"
},
{
    "fields": {
        "name": "Singer"
    },
    "pk": 1,
    "model": "crew.role"
},
{
    "fields": {
        "name": "Director"
    },
    "pk": 2,
    "model": "crew.role"
},
{
    "fields": {
        "name": "Actor"
    },
    "pk": 3,
    "model": "crew.role"
},
{
    "fields": {
        "name": "Developer"
    },
    "pk": 4,
    "model": "crew.role"
},
{
    "fields": {
        "name": "Author"
    },
    "pk": 5,
    "model": "crew.role"
},
{
    "fields": {
        "name": "Pharrell Williams"
    },
    "pk": 1,
    "model": "crew.person"
},
{
    "fields": {
        "name": "Ed Sheeran"
    },
    "pk": 2,
    "model": "crew.person"
},
{
    "fields": {
        "name": "Alejandro Gonzalez Inarritu"
    },
    "pk": 3,
    "model": "crew.person"
},
{
    "fields": {
        "name": "Michael Keaton"
    },
    "pk": 4,
    "model": "crew.person"
},
{
    "fields": {
        "name": "Don Hall"
    },
    "pk": 5,
    "model": "crew.person"
},
{
    "fields": {
        "name": "Chris Williams"
    },
    "pk": 6,
    "model": "crew.person"
},
{
    "fields": {
        "name": "Scott Adsit"
    },
    "pk": 7,
    "model": "crew.person"
},
{
    "fields": {
        "name": "Ryan Potter"
    },
    "pk": 8,
    "model": "crew.person"
},
{
    "fields": {
        "name": "Christopher Nolan"
    },
    "pk": 9,
    "model": "crew.person"
},
{
    "fields": {
        "name": "Anne Hathaway"
    },
    "pk": 10,
    "model": "crew.person"
},
{
    "fields": {
        "name": "Matthew McConaughey"
    },
    "pk": 11,
    "model": "crew.person"
},
{
    "fields": {
        "name": "Emma Stone"
    },
    "pk": 12,
    "model": "crew.person"
},
{
    "fields": {
        "name": "Michael Caine"
    },
    "pk": 13,
    "model": "crew.person"
},
{
    "fields": {
        "name": "Leonardo DiCaprio"
    },
    "pk": 14,
    "model": "crew.person"
},
{
    "fields": {
        "name": "Stephen King"
    },
    "pk": 16,
    "model": "crew.person"
},
{
    "fields": {
        "name": "Erik Larson"
    },
    "pk": 17,
    "model": "crew.person"
},
{
    "fields": {
        "name": "Steven Skiena"
    },
    "pk": 18,
    "model": "crew.person"
},
{
    "fields": {
        "name": "Thomas Cormen"
    },
    "pk": 19,
    "model": "crew.person"
},
{
    "fields": {
        "name": "Charles Leiserson"
    },
    "pk": 20,
    "model": "crew.person"
},
{
    "fields": {
        "name": "Ronald Rivest"
    },
    "pk": 21,
    "model": "crew.person"
},
{
    "fields": {
        "name": "Clifford Stein"
    },
    "pk": 22,
    "model": "crew.person"
},
{
    "fields": {
        "name": "Dave Shreiner"
    },
    "pk": 23,
    "model": "crew.person"
}
]
