[
{
    "fields": {
        "multimedia": 2,
        "person": 1,
        "role": 1
    },
    "model": "crew.crew",
    "pk": 2
},
{
    "fields": {
        "multimedia": 3,
        "person": 2,
        "role": 1
    },
    "model": "crew.crew",
    "pk": 3
},
{
    "fields": {
        "multimedia": 10,
        "person": 3,
        "role": 2
    },
    "model": "crew.crew",
    "pk": 4
},
{
    "fields": {
        "multimedia": 10,
        "person": 4,
        "role": 3
    },
    "model": "crew.crew",
    "pk": 5
},
{
    "fields": {
        "multimedia": 11,
        "person": 5,
        "role": 2
    },
    "model": "crew.crew",
    "pk": 6
},
{
    "fields": {
        "multimedia": 11,
        "person": 6,
        "role": 2
    },
    "model": "crew.crew",
    "pk": 7
},
{
    "fields": {
        "multimedia": 11,
        "person": 7,
        "role": 3
    },
    "model": "crew.crew",
    "pk": 8
},
{
    "fields": {
        "multimedia": 11,
        "person": 8,
        "role": 3
    },
    "model": "crew.crew",
    "pk": 9
},
{
    "fields": {
        "multimedia": 12,
        "person": 9,
        "role": 2
    },
    "model": "crew.crew",
    "pk": 10
},
{
    "fields": {
        "multimedia": 12,
        "person": 10,
        "role": 3
    },
    "model": "crew.crew",
    "pk": 11
},
{
    "fields": {
        "multimedia": 12,
        "person": 11,
        "role": 3
    },
    "model": "crew.crew",
    "pk": 12
},
{
    "fields": {
        "multimedia": 10,
        "person": 12,
        "role": 3
    },
    "model": "crew.crew",
    "pk": 13
},
{
    "fields": {
        "multimedia": 13,
        "person": 9,
        "role": 2
    },
    "model": "crew.crew",
    "pk": 14
},
{
    "fields": {
        "multimedia": 13,
        "person": 13,
        "role": 3
    },
    "model": "crew.crew",
    "pk": 15
},
{
    "fields": {
        "multimedia": 13,
        "person": 14,
        "role": 3
    },
    "model": "crew.crew",
    "pk": 16
},
{
    "fields": {
        "multimedia": 9,
        "person": 16,
        "role": 5
    },
    "model": "crew.crew",
    "pk": 27
},
{
    "fields": {
        "multimedia": 8,
        "person": 17,
        "role": 5
    },
    "model": "crew.crew",
    "pk": 28
},
{
    "fields": {
        "multimedia": 7,
        "person": 18,
        "role": 5
    },
    "model": "crew.crew",
    "pk": 30
},
{
    "fields": {
        "multimedia": 6,
        "person": 19,
        "role": 5
    },
    "model": "crew.crew",
    "pk": 31
},
{
    "fields": {
        "multimedia": 6,
        "person": 20,
        "role": 5
    },
    "model": "crew.crew",
    "pk": 32
},
{
    "fields": {
        "multimedia": 6,
        "person": 21,
        "role": 5
    },
    "model": "crew.crew",
    "pk": 33
},
{
    "fields": {
        "multimedia": 6,
        "person": 22,
        "role": 5
    },
    "model": "crew.crew",
    "pk": 34
},
{
    "fields": {
        "multimedia": 4,
        "person": 23,
        "role": 5
    },
    "model": "crew.crew",
    "pk": 35
},
{
    "fields": {
        "name": "Singer"
    },
    "model": "crew.role",
    "pk": 1
},
{
    "fields": {
        "name": "Director"
    },
    "model": "crew.role",
    "pk": 2
},
{
    "fields": {
        "name": "Actor"
    },
    "model": "crew.role",
    "pk": 3
},
{
    "fields": {
        "name": "Developer"
    },
    "model": "crew.role",
    "pk": 4
},
{
    "fields": {
        "name": "Author"
    },
    "model": "crew.role",
    "pk": 5
},
{
    "fields": {
        "name": "Pharrell Williams"
    },
    "model": "crew.person",
    "pk": 1
},
{
    "fields": {
        "name": "Ed Sheeran"
    },
    "model": "crew.person",
    "pk": 2
},
{
    "fields": {
        "name": "Alejandro Gonzalez Inarritu"
    },
    "model": "crew.person",
    "pk": 3
},
{
    "fields": {
        "name": "Michael Keaton"
    },
    "model": "crew.person",
    "pk": 4
},
{
    "fields": {
        "name": "Don Hall"
    },
    "model": "crew.person",
    "pk": 5
},
{
    "fields": {
        "name": "Chris Williams"
    },
    "model": "crew.person",
    "pk": 6
},
{
    "fields": {
        "name": "Scott Adsit"
    },
    "model": "crew.person",
    "pk": 7
},
{
    "fields": {
        "name": "Ryan Potter"
    },
    "model": "crew.person",
    "pk": 8
},
{
    "fields": {
        "name": "Christopher Nolan"
    },
    "model": "crew.person",
    "pk": 9
},
{
    "fields": {
        "name": "Anne Hathaway"
    },
    "model": "crew.person",
    "pk": 10
},
{
    "fields": {
        "name": "Matthew McConaughey"
    },
    "model": "crew.person",
    "pk": 11
},
{
    "fields": {
        "name": "Emma Stone"
    },
    "model": "crew.person",
    "pk": 12
},
{
    "fields": {
        "name": "Michael Caine"
    },
    "model": "crew.person",
    "pk": 13
},
{
    "fields": {
        "name": "Leonardo DiCaprio"
    },
    "model": "crew.person",
    "pk": 14
},
{
    "fields": {
        "name": "Stephen King"
    },
    "model": "crew.person",
    "pk": 16
},
{
    "fields": {
        "name": "Erik Larson"
    },
    "model": "crew.person",
    "pk": 17
},
{
    "fields": {
        "name": "Steven Skiena"
    },
    "model": "crew.person",
    "pk": 18
},
{
    "fields": {
        "name": "Thomas Cormen"
    },
    "model": "crew.person",
    "pk": 19
},
{
    "fields": {
        "name": "Charles Leiserson"
    },
    "model": "crew.person",
    "pk": 20
},
{
    "fields": {
        "name": "Ronald Rivest"
    },
    "model": "crew.person",
    "pk": 21
},
{
    "fields": {
        "name": "Clifford Stein"
    },
    "model": "crew.person",
    "pk": 22
},
{
    "fields": {
        "name": "Dave Shreiner"
    },
    "model": "crew.person",
    "pk": 23
}
]
